,HomeTeam,HomeScore,HomePrediction,AwayTeam,AwayScore,AwayPrediction,Date,Gameweek,Player,PredictionAdded,ResultAdded,Points,Season
0,Nott'm Forest,2.0,3.0,Sheffield Utd,1.0,1.0,18/08/2023,2.0,Matt,1,1,1,23/24
1,Nott'm Forest,3.0,2.0,Fulham,1.0,2.0,02/04/2024,31.0,Matt,1,1,0,23/24
2,Nott'm Forest,1.0,2.0,Brentford,1.0,1.0,01/10/2023,7.0,Matt,1,1,0,23/24
3,Nott'm Forest,0.0,1.0,Liverpool,1.0,3.0,02/03/2024,27.0,Matt,1,1,1,23/24
4,Nott'm Forest,2.0,0.0,Bournemouth,3.0,2.0,23/12/2023,18.0,Matt,1,1,1,23/24
5,Nott'm Forest,2.0,2.0,Wolves,2.0,0.0,13/04/2024,33.0,Matt,1,1,0,23/24
6,Nott'm Forest,2.0,1.0,Brighton,3.0,2.0,25/11/2023,13.0,Matt,1,1,1,23/24
7,Nott'm Forest,0.0,0.0,Spurs,2.0,2.0,15/12/2023,17.0,Matt,1,1,3,23/24
8,Nott'm Forest,2.0,1.0,Man Utd,1.0,2.0,30/12/2023,20.0,Matt,1,1,0,23/24
9,Nott'm Forest,0.0,1.0,Man City,2.0,2.0,28/04/2024,35.0,Matt,1,1,1,23/24
10,Nott'm Forest,2.0,0.0,Newcastle,3.0,2.0,10/02/2024,24.0,Matt,1,1,1,23/24
11,Nott'm Forest,2.0,1.0,Aston Villa,0.0,2.0,05/11/2023,11.0,Matt,1,1,0,23/24
12,Nott'm Forest,0.0,1.0,Everton,1.0,1.0,02/12/2023,14.0,Matt,1,1,0,23/24
13,Nott'm Forest,2.0,1.0,West Ham,0.0,1.0,17/02/2024,25.0,Matt,1,1,0,23/24
14,Nott'm Forest,2.0,2.0,Chelsea,3.0,3.0,11/05/2024,37.0,Matt,1,1,3,23/24
15,Nott'm Forest,1.0,2.0,Crystal Palace,1.0,1.0,30/03/2024,30.0,Matt,1,1,0,23/24
16,Nott'm Forest,1.0,1.0,Arsenal,2.0,3.0,30/01/2024,22.0,Matt,1,1,1,23/24
17,Nott'm Forest,1.0,0.0,Burnley,1.0,0.0,18/09/2023,5.0,Matt,1,1,1,23/24
18,Nott'm Forest,2.0,2.0,Luton,2.0,0.0,21/10/2023,9.0,Matt,1,1,0,23/24
19,Sheffield Utd,1.0,0.0,Nott'm Forest,3.0,2.0,04/05/2024,36.0,Matt,1,1,1,23/24
20,Sheffield Utd,3.0,0.0,Fulham,3.0,1.0,30/03/2024,30.0,Matt,1,1,0,23/24
21,Sheffield Utd,1.0,1.0,Brentford,0.0,1.0,09/12/2023,16.0,Matt,1,1,0,23/24
22,Sheffield Utd,0.0,1.0,Liverpool,2.0,3.0,06/12/2023,15.0,Matt,1,1,1,23/24
23,Sheffield Utd,1.0,0.0,Bournemouth,3.0,0.0,25/11/2023,13.0,Matt,1,1,0,23/24
24,Sheffield Utd,2.0,0.0,Wolves,1.0,1.0,04/11/2023,11.0,Matt,1,1,0,23/24
25,Sheffield Utd,0.0,2.0,Brighton,5.0,2.0,18/02/2024,25.0,Matt,1,1,0,23/24
26,Sheffield Utd,0.0,1.0,Spurs,3.0,2.0,19/05/2024,38.0,Matt,1,1,1,23/24
27,Sheffield Utd,1.0,0.0,Man Utd,2.0,1.0,21/10/2023,9.0,Matt,1,1,1,23/24
28,Sheffield Utd,1.0,0.0,Man City,2.0,3.0,27/08/2023,3.0,Matt,1,1,1,23/24
29,Sheffield Utd,0.0,0.0,Newcastle,8.0,1.0,24/09/2023,6.0,Matt,1,1,1,23/24
30,Sheffield Utd,0.0,0.0,Aston Villa,5.0,2.0,03/02/2024,23.0,Matt,1,1,1,23/24
31,Sheffield Utd,2.0,2.0,Everton,2.0,1.0,02/09/2023,4.0,Matt,1,1,0,23/24
32,Sheffield Utd,2.0,1.0,West Ham,2.0,2.0,21/01/2024,21.0,Matt,1,1,0,23/24
33,Sheffield Utd,2.0,1.0,Chelsea,2.0,3.0,07/04/2024,32.0,Matt,1,1,0,23/24
34,Sheffield Utd,0.0,1.0,Crystal Palace,1.0,3.0,12/08/2023,1.0,Matt,1,1,1,23/24
35,Sheffield Utd,0.0,1.0,Arsenal,6.0,5.0,04/03/2024,27.0,Matt,1,1,1,23/24
36,Sheffield Utd,1.0,1.0,Burnley,4.0,0.0,20/04/2024,34.0,Matt,1,1,0,23/24
37,Sheffield Utd,2.0,0.0,Luton,3.0,0.0,26/12/2023,19.0,Matt,1,1,0,23/24
38,Fulham,5.0,1.0,Nott'm Forest,0.0,0.0,06/12/2023,15.0,Matt,1,1,1,23/24
39,Fulham,3.0,2.0,Sheffield Utd,1.0,1.0,07/10/2023,8.0,Matt,1,1,1,23/24
40,Fulham,0.0,1.0,Brentford,3.0,2.0,19/08/2023,2.0,Matt,1,1,1,23/24
41,Fulham,1.0,1.0,Liverpool,3.0,3.0,21/04/2024,34.0,Matt,1,1,3,23/24
42,Fulham,3.0,3.0,Bournemouth,1.0,2.0,10/02/2024,24.0,Matt,1,1,1,23/24
43,Fulham,3.0,2.0,Wolves,2.0,0.0,27/11/2023,13.0,Matt,1,1,1,23/24
44,Fulham,3.0,2.0,Brighton,0.0,2.0,02/03/2024,27.0,Matt,1,1,0,23/24
45,Fulham,3.0,2.0,Spurs,0.0,2.0,16/03/2024,29.0,Matt,1,1,0,23/24
46,Fulham,0.0,1.0,Man Utd,1.0,2.0,04/11/2023,11.0,Matt,1,1,1,23/24
47,Fulham,0.0,1.0,Man City,4.0,2.0,11/05/2024,37.0,Matt,1,1,1,23/24
48,Fulham,0.0,2.0,Newcastle,1.0,1.0,06/04/2024,32.0,Matt,1,1,0,23/24
49,Fulham,1.0,1.0,Aston Villa,2.0,2.0,17/02/2024,25.0,Matt,1,1,3,23/24
50,Fulham,0.0,2.0,Everton,0.0,2.0,30/01/2024,22.0,Matt,1,1,1,23/24
51,Fulham,5.0,3.0,West Ham,0.0,1.0,10/12/2023,16.0,Matt,1,1,1,23/24
52,Fulham,0.0,1.0,Chelsea,2.0,1.0,02/10/2023,7.0,Matt,1,1,0,23/24
53,Fulham,1.0,1.0,Crystal Palace,1.0,2.0,27/04/2024,35.0,Matt,1,1,0,23/24
54,Fulham,2.0,2.0,Arsenal,1.0,2.0,31/12/2023,20.0,Matt,1,1,0,23/24
55,Fulham,0.0,3.0,Burnley,2.0,0.0,23/12/2023,18.0,Matt,1,1,0,23/24
56,Fulham,1.0,2.0,Luton,0.0,0.0,16/09/2023,5.0,Matt,1,1,1,23/24
57,Brentford,3.0,2.0,Nott'm Forest,2.0,2.0,20/01/2024,21.0,Matt,1,1,0,23/24
58,Brentford,2.0,2.0,Sheffield Utd,0.0,1.0,13/04/2024,33.0,Matt,1,1,1,23/24
59,Brentford,0.0,3.0,Fulham,0.0,1.0,04/05/2024,36.0,Matt,1,1,0,23/24
60,Brentford,1.0,2.0,Liverpool,4.0,1.0,17/02/2024,25.0,Matt,1,1,0,23/24
61,Brentford,2.0,2.0,Bournemouth,2.0,0.0,02/09/2023,4.0,Matt,1,1,0,23/24
62,Brentford,1.0,2.0,Wolves,4.0,2.0,27/12/2023,19.0,Matt,1,1,0,23/24
63,Brentford,0.0,1.0,Brighton,0.0,1.0,03/04/2024,31.0,Matt,1,1,1,23/24
64,Brentford,2.0,3.0,Spurs,2.0,1.0,13/08/2023,1.0,Matt,1,1,0,23/24
65,Brentford,1.0,1.0,Man Utd,1.0,2.0,30/03/2024,30.0,Matt,1,1,0,23/24
66,Brentford,1.0,2.0,Man City,3.0,2.0,05/02/2024,23.0,Matt,1,1,0,23/24
67,Brentford,2.0,1.0,Newcastle,4.0,3.0,19/05/2024,38.0,Matt,1,1,1,23/24
68,Brentford,1.0,0.0,Aston Villa,2.0,2.0,17/12/2023,17.0,Matt,1,1,1,23/24
69,Brentford,1.0,2.0,Everton,3.0,0.0,23/09/2023,6.0,Matt,1,1,0,23/24
70,Brentford,3.0,1.0,West Ham,2.0,1.0,04/11/2023,11.0,Matt,1,1,0,23/24
71,Brentford,2.0,2.0,Chelsea,2.0,2.0,02/03/2024,27.0,Matt,1,1,3,23/24
72,Brentford,1.0,1.0,Crystal Palace,1.0,1.0,26/08/2023,3.0,Matt,1,1,3,23/24
73,Brentford,0.0,1.0,Arsenal,1.0,3.0,25/11/2023,13.0,Matt,1,1,1,23/24
74,Brentford,3.0,2.0,Burnley,0.0,1.0,21/10/2023,9.0,Matt,1,1,1,23/24
75,Brentford,3.0,1.0,Luton,1.0,0.0,02/12/2023,14.0,Matt,1,1,1,23/24
76,Liverpool,3.0,3.0,Nott'm Forest,0.0,1.0,29/10/2023,10.0,Matt,1,1,1,23/24
77,Liverpool,3.0,4.0,Sheffield Utd,1.0,1.0,04/04/2024,31.0,Matt,1,1,1,23/24
78,Liverpool,4.0,3.0,Fulham,3.0,0.0,03/12/2023,14.0,Matt,1,1,1,23/24
79,Liverpool,3.0,3.0,Brentford,0.0,1.0,12/11/2023,12.0,Matt,1,1,1,23/24
80,Liverpool,3.0,2.0,Bournemouth,1.0,0.0,19/08/2023,2.0,Matt,1,1,1,23/24
81,Liverpool,2.0,5.0,Wolves,0.0,0.0,19/05/2024,38.0,Matt,1,1,1,23/24
82,Liverpool,2.0,2.0,Brighton,1.0,0.0,31/03/2024,30.0,Matt,1,1,1,23/24
83,Liverpool,4.0,1.0,Spurs,2.0,1.0,05/05/2024,36.0,Matt,1,1,0,23/24
84,Liverpool,0.0,5.0,Man Utd,0.0,0.0,17/12/2023,17.0,Matt,1,1,0,23/24
85,Liverpool,1.0,1.0,Man City,1.0,3.0,10/03/2024,28.0,Matt,1,1,0,23/24
86,Liverpool,4.0,3.0,Newcastle,2.0,1.0,01/01/2024,20.0,Matt,1,1,1,23/24
87,Liverpool,3.0,4.0,Aston Villa,0.0,2.0,03/09/2023,4.0,Matt,1,1,1,23/24
88,Liverpool,2.0,3.0,Everton,0.0,1.0,21/10/2023,9.0,Matt,1,1,1,23/24
89,Liverpool,3.0,2.0,West Ham,1.0,2.0,24/09/2023,6.0,Matt,1,1,0,23/24
90,Liverpool,4.0,3.0,Chelsea,1.0,1.0,31/01/2024,22.0,Matt,1,1,1,23/24
91,Liverpool,0.0,2.0,Crystal Palace,1.0,1.0,14/04/2024,33.0,Matt,1,1,0,23/24
92,Liverpool,1.0,2.0,Arsenal,1.0,2.0,23/12/2023,18.0,Matt,1,1,1,23/24
93,Liverpool,3.0,6.0,Burnley,1.0,0.0,10/02/2024,24.0,Matt,1,1,1,23/24
94,Liverpool,4.0,4.0,Luton,1.0,1.0,21/02/2024,25.0,Matt,1,1,3,23/24
95,Bournemouth,1.0,3.0,Nott'm Forest,1.0,1.0,04/02/2024,23.0,Matt,1,1,0,23/24
96,Bournemouth,2.0,3.0,Sheffield Utd,2.0,1.0,09/03/2024,28.0,Matt,1,1,0,23/24
97,Bournemouth,3.0,3.0,Fulham,0.0,2.0,26/12/2023,19.0,Matt,1,1,1,23/24
98,Bournemouth,1.0,3.0,Brentford,2.0,1.0,11/05/2024,37.0,Matt,1,1,0,23/24
99,Bournemouth,0.0,1.0,Liverpool,4.0,3.0,21/01/2024,21.0,Matt,1,1,1,23/24
100,Bournemouth,1.0,1.0,Wolves,2.0,1.0,21/10/2023,9.0,Matt,1,1,0,23/24
101,Bournemouth,3.0,2.0,Brighton,0.0,1.0,28/04/2024,35.0,Matt,1,1,1,23/24
102,Bournemouth,0.0,1.0,Spurs,2.0,2.0,26/08/2023,3.0,Matt,1,1,1,23/24
103,Bournemouth,2.0,3.0,Man Utd,2.0,2.0,13/04/2024,33.0,Matt,1,1,0,23/24
104,Bournemouth,0.0,1.0,Man City,1.0,2.0,24/02/2024,26.0,Matt,1,1,1,23/24
105,Bournemouth,2.0,1.0,Newcastle,0.0,2.0,11/11/2023,12.0,Matt,1,1,0,23/24
106,Bournemouth,2.0,0.0,Aston Villa,2.0,2.0,03/12/2023,14.0,Matt,1,1,0,23/24
107,Bournemouth,2.0,1.0,Everton,1.0,1.0,30/03/2024,30.0,Matt,1,1,0,23/24
108,Bournemouth,1.0,1.0,West Ham,1.0,1.0,12/08/2023,1.0,Matt,1,1,3,23/24
109,Bournemouth,0.0,1.0,Chelsea,0.0,1.0,17/09/2023,5.0,Matt,1,1,1,23/24
110,Bournemouth,1.0,2.0,Crystal Palace,0.0,1.0,02/04/2024,31.0,Matt,1,1,1,23/24
111,Bournemouth,0.0,0.0,Arsenal,4.0,2.0,30/09/2023,7.0,Matt,1,1,1,23/24
112,Bournemouth,2.0,3.0,Burnley,1.0,1.0,28/10/2023,10.0,Matt,1,1,1,23/24
113,Bournemouth,4.0,2.0,Luton,3.0,2.0,16/12/2023,28.0,Matt,1,1,0,23/24
114,Wolves,1.0,3.0,Nott'm Forest,1.0,2.0,09/12/2023,16.0,Matt,1,1,0,23/24
115,Wolves,1.0,2.0,Sheffield Utd,0.0,0.0,25/02/2024,26.0,Matt,1,1,1,23/24
116,Wolves,2.0,1.0,Fulham,1.0,2.0,09/03/2024,28.0,Matt,1,1,0,23/24
117,Wolves,0.0,3.0,Brentford,2.0,2.0,10/02/2024,24.0,Matt,1,1,0,23/24
118,Wolves,1.0,1.0,Liverpool,3.0,2.0,16/09/2023,5.0,Matt,1,1,1,23/24
119,Wolves,0.0,2.0,Bournemouth,1.0,1.0,24/04/2024,34.0,Matt,1,1,0,23/24
120,Wolves,1.0,1.0,Brighton,4.0,2.0,19/08/2023,2.0,Matt,1,1,1,23/24
121,Wolves,2.0,2.0,Spurs,1.0,1.0,11/11/2023,12.0,Matt,1,1,3,23/24
122,Wolves,3.0,2.0,Man Utd,4.0,0.0,01/02/2024,22.0,Matt,1,1,0,23/24
123,Wolves,2.0,0.0,Man City,1.0,2.0,30/09/2023,7.0,Matt,1,1,0,23/24
124,Wolves,2.0,1.0,Newcastle,2.0,1.0,28/10/2023,10.0,Matt,1,1,1,23/24
125,Wolves,1.0,1.0,Aston Villa,1.0,2.0,08/10/2023,8.0,Matt,1,1,0,23/24
126,Wolves,3.0,2.0,Everton,0.0,2.0,30/12/2023,20.0,Matt,1,1,0,23/24
127,Wolves,1.0,2.0,West Ham,2.0,1.0,06/04/2024,32.0,Matt,1,1,0,23/24
128,Wolves,2.0,2.0,Chelsea,1.0,0.0,24/12/2023,18.0,Matt,1,1,1,23/24
129,Wolves,1.0,2.0,Crystal Palace,3.0,2.0,11/05/2024,37.0,Matt,1,1,0,23/24
130,Wolves,0.0,2.0,Arsenal,2.0,1.0,20/04/2024,34.0,Matt,1,1,0,23/24
131,Wolves,1.0,2.0,Burnley,0.0,2.0,05/12/2023,15.0,Matt,1,1,0,23/24
132,Wolves,2.0,0.0,Luton,1.0,1.0,27/04/2024,35.0,Matt,1,1,0,23/24
133,Brighton,1.0,1.0,Nott'm Forest,0.0,1.0,10/03/2024,28.0,Matt,1,1,0,23/24
134,Brighton,1.0,4.0,Sheffield Utd,1.0,0.0,12/11/2023,12.0,Matt,1,1,0,23/24
135,Brighton,1.0,2.0,Fulham,1.0,0.0,29/10/2023,10.0,Matt,1,1,0,23/24
136,Brighton,2.0,2.0,Brentford,1.0,2.0,06/12/2023,15.0,Matt,1,1,0,23/24
137,Brighton,2.0,2.0,Liverpool,2.0,4.0,08/10/2023,8.0,Matt,1,1,0,23/24
138,Brighton,3.0,3.0,Bournemouth,1.0,0.0,24/09/2023,6.0,Matt,1,1,1,23/24
139,Brighton,0.0,1.0,Wolves,0.0,1.0,22/01/2024,21.0,Matt,1,1,1,23/24
140,Brighton,4.0,0.0,Spurs,2.0,1.0,28/12/2023,19.0,Matt,1,1,0,23/24
141,Brighton,0.0,2.0,Man Utd,2.0,2.0,19/05/2024,38.0,Matt,1,1,0,23/24
142,Brighton,0.0,0.0,Man City,4.0,2.0,25/04/2024,34.0,Matt,1,1,1,23/24
143,Brighton,3.0,1.0,Newcastle,1.0,2.0,02/09/2023,4.0,Matt,1,1,0,23/24
144,Brighton,1.0,1.0,Aston Villa,0.0,3.0,05/05/2024,36.0,Matt,1,1,0,23/24
145,Brighton,1.0,2.0,Everton,1.0,1.0,24/02/2024,26.0,Matt,1,1,0,23/24
146,Brighton,1.0,2.0,West Ham,3.0,1.0,26/08/2023,3.0,Matt,1,1,0,23/24
147,Brighton,1.0,2.0,Chelsea,2.0,1.0,15/05/2024,37.0,Matt,1,1,0,23/24
148,Brighton,4.0,3.0,Crystal Palace,1.0,2.0,03/02/2024,23.0,Matt,1,1,1,23/24
149,Brighton,0.0,1.0,Arsenal,3.0,3.0,06/04/2024,32.0,Matt,1,1,1,23/24
150,Brighton,1.0,2.0,Burnley,1.0,1.0,09/12/2023,16.0,Matt,1,1,0,23/24
151,Brighton,4.0,4.0,Luton,1.0,0.0,12/08/2023,1.0,Matt,1,1,1,23/24
152,Spurs,3.0,4.0,Nott'm Forest,1.0,0.0,07/04/2024,32.0,Matt,1,1,1,23/24
153,Spurs,2.0,4.0,Sheffield Utd,1.0,0.0,16/09/2023,5.0,Matt,1,1,1,23/24
154,Spurs,2.0,2.0,Fulham,0.0,0.0,23/10/2023,9.0,Matt,1,1,3,23/24
155,Spurs,3.0,2.0,Brentford,2.0,1.0,31/01/2024,22.0,Matt,1,1,1,23/24
156,Spurs,2.0,2.0,Liverpool,1.0,2.0,30/09/2023,7.0,Matt,1,1,0,23/24
157,Spurs,3.0,3.0,Bournemouth,1.0,2.0,31/12/2023,20.0,Matt,1,1,1,23/24
158,Spurs,1.0,2.0,Wolves,2.0,1.0,17/02/2024,25.0,Matt,1,1,0,23/24
159,Spurs,2.0,2.0,Brighton,1.0,1.0,10/02/2024,24.0,Matt,1,1,3,23/24
160,Spurs,2.0,1.0,Man Utd,0.0,1.0,19/08/2023,2.0,Matt,1,1,0,23/24
161,Spurs,0.0,2.0,Man City,2.0,2.0,14/05/2024,37.0,Matt,1,1,0,23/24
162,Spurs,4.0,0.0,Newcastle,1.0,2.0,10/12/2023,16.0,Matt,1,1,0,23/24
163,Spurs,1.0,2.0,Aston Villa,2.0,2.0,26/11/2023,13.0,Matt,1,1,0,23/24
164,Spurs,2.0,2.0,Everton,1.0,1.0,23/12/2023,18.0,Matt,1,1,3,23/24
165,Spurs,1.0,2.0,West Ham,2.0,0.0,07/12/2023,15.0,Matt,1,1,0,23/24
166,Spurs,1.0,1.0,Chelsea,4.0,0.0,06/11/2023,11.0,Matt,1,1,0,23/24
167,Spurs,3.0,2.0,Crystal Palace,1.0,0.0,02/03/2024,27.0,Matt,1,1,1,23/24
168,Spurs,2.0,1.0,Arsenal,3.0,4.0,28/04/2024,35.0,Matt,1,1,1,23/24
169,Spurs,2.0,3.0,Burnley,1.0,1.0,11/05/2024,37.0,Matt,1,1,1,23/24
170,Spurs,2.0,3.0,Luton,1.0,2.0,30/03/2024,30.0,Matt,1,1,1,23/24
171,Man Utd,3.0,1.0,Nott'm Forest,2.0,0.0,26/08/2023,3.0,Matt,1,1,1,23/24
172,Man Utd,4.0,2.0,Sheffield Utd,2.0,1.0,24/04/2024,34.0,Matt,1,1,1,23/24
173,Man Utd,1.0,2.0,Fulham,2.0,1.0,24/02/2024,26.0,Matt,1,1,0,23/24
174,Man Utd,2.0,1.0,Brentford,1.0,0.0,07/10/2023,8.0,Matt,1,1,1,23/24
175,Man Utd,2.0,2.0,Liverpool,2.0,2.0,07/04/2024,32.0,Matt,1,1,3,23/24
176,Man Utd,0.0,2.0,Bournemouth,3.0,0.0,09/12/2023,16.0,Matt,1,1,0,23/24
177,Man Utd,1.0,3.0,Wolves,0.0,0.0,14/08/2023,1.0,Matt,1,1,1,23/24
178,Man Utd,1.0,1.0,Brighton,3.0,2.0,16/09/2023,5.0,Matt,1,1,1,23/24
179,Man Utd,2.0,3.0,Spurs,2.0,2.0,14/01/2024,21.0,Matt,1,1,0,23/24
180,Man Utd,0.0,1.0,Man City,3.0,1.0,29/10/2023,10.0,Matt,1,1,0,23/24
181,Man Utd,3.0,1.0,Newcastle,2.0,2.0,15/05/2024,37.0,Matt,1,1,0,23/24
182,Man Utd,3.0,1.0,Aston Villa,2.0,2.0,26/12/2023,19.0,Matt,1,1,0,23/24
183,Man Utd,2.0,2.0,Everton,0.0,1.0,09/03/2024,28.0,Matt,1,1,1,23/24
184,Man Utd,3.0,4.0,West Ham,0.0,2.0,04/02/2024,23.0,Matt,1,1,1,23/24
185,Man Utd,2.0,3.0,Chelsea,1.0,2.0,06/12/2023,15.0,Matt,1,1,1,23/24
186,Man Utd,0.0,3.0,Crystal Palace,1.0,1.0,30/09/2023,7.0,Matt,1,1,0,23/24
187,Man Utd,0.0,1.0,Arsenal,1.0,4.0,12/05/2024,37.0,Matt,1,1,1,23/24
188,Man Utd,1.0,3.0,Burnley,1.0,0.0,27/04/2024,35.0,Matt,1,1,0,23/24
189,Man Utd,1.0,2.0,Luton,0.0,0.0,11/11/2023,12.0,Matt,1,1,1,23/24
190,Man City,2.0,4.0,Nott'm Forest,0.0,1.0,23/09/2023,6.0,Matt,1,1,1,23/24
191,Man City,2.0,5.0,Sheffield Utd,0.0,0.0,30/12/2023,20.0,Matt,1,1,1,23/24
192,Man City,5.0,3.0,Fulham,1.0,0.0,02/09/2023,4.0,Matt,1,1,1,23/24
193,Man City,1.0,2.0,Brentford,0.0,0.0,20/02/2024,25.0,Matt,1,1,1,23/24
194,Man City,1.0,2.0,Liverpool,1.0,1.0,25/11/2023,13.0,Matt,1,1,0,23/24
195,Man City,6.0,6.0,Bournemouth,1.0,1.0,04/11/2023,11.0,Matt,1,1,3,23/24
196,Man City,5.0,2.0,Wolves,1.0,1.0,04/05/2024,36.0,Matt,1,1,1,23/24
197,Man City,2.0,2.0,Brighton,1.0,1.0,21/10/2023,9.0,Matt,1,1,3,23/24
198,Man City,3.0,3.0,Spurs,3.0,1.0,03/12/2023,14.0,Matt,1,1,0,23/24
199,Man City,3.0,4.0,Man Utd,1.0,0.0,03/03/2024,27.0,Matt,1,1,1,23/24
200,Man City,1.0,1.0,Newcastle,0.0,0.0,19/08/2023,2.0,Matt,1,1,3,23/24
201,Man City,4.0,2.0,Aston Villa,1.0,1.0,03/04/2024,31.0,Matt,1,1,1,23/24
202,Man City,2.0,2.0,Everton,0.0,1.0,10/02/2024,24.0,Matt,1,1,1,23/24
203,Man City,3.0,2.0,West Ham,1.0,0.0,19/05/2024,38.0,Matt,1,1,1,23/24
204,Man City,1.0,3.0,Chelsea,1.0,1.0,17/02/2024,25.0,Matt,1,1,0,23/24
205,Man City,2.0,3.0,Crystal Palace,2.0,1.0,16/12/2023,17.0,Matt,1,1,0,23/24
206,Man City,0.0,2.0,Arsenal,0.0,1.0,31/03/2024,30.0,Matt,1,1,0,23/24
207,Man City,3.0,6.0,Burnley,1.0,0.0,31/01/2024,22.0,Matt,1,1,1,23/24
208,Man City,5.0,4.0,Luton,1.0,1.0,13/04/2024,33.0,Matt,1,1,1,23/24
209,Newcastle,1.0,4.0,Nott'm Forest,3.0,1.0,26/12/2023,19.0,Matt,1,1,0,23/24
210,Newcastle,5.0,3.0,Sheffield Utd,1.0,1.0,27/04/2024,35.0,Matt,1,1,1,23/24
211,Newcastle,3.0,2.0,Fulham,0.0,1.0,16/12/2023,17.0,Matt,1,1,1,23/24
212,Newcastle,1.0,3.0,Brentford,0.0,2.0,16/09/2023,5.0,Matt,1,1,1,23/24
213,Newcastle,1.0,2.0,Liverpool,2.0,1.0,27/08/2023,3.0,Matt,1,1,0,23/24
214,Newcastle,2.0,2.0,Bournemouth,2.0,1.0,17/02/2024,25.0,Matt,1,1,0,23/24
215,Newcastle,3.0,2.0,Wolves,0.0,1.0,02/03/2024,27.0,Matt,1,1,1,23/24
216,Newcastle,1.0,4.0,Brighton,1.0,2.0,11/05/2024,37.0,Matt,1,1,0,23/24
217,Newcastle,4.0,2.0,Spurs,0.0,2.0,13/04/2024,33.0,Matt,1,1,0,23/24
218,Newcastle,1.0,4.0,Man Utd,0.0,1.0,02/12/2023,14.0,Matt,1,1,1,23/24
219,Newcastle,2.0,1.0,Man City,3.0,2.0,13/01/2024,21.0,Matt,1,1,1,23/24
220,Newcastle,5.0,2.0,Aston Villa,1.0,1.0,12/08/2023,1.0,Matt,1,1,1,23/24
221,Newcastle,1.0,3.0,Everton,1.0,1.0,02/04/2024,31.0,Matt,1,1,0,23/24
222,Newcastle,4.0,2.0,West Ham,3.0,1.0,30/03/2024,30.0,Matt,1,1,1,23/24
223,Newcastle,4.0,2.0,Chelsea,1.0,2.0,25/11/2023,13.0,Matt,1,1,0,23/24
224,Newcastle,4.0,3.0,Crystal Palace,0.0,0.0,21/10/2023,9.0,Matt,1,1,1,23/24
225,Newcastle,1.0,2.0,Arsenal,0.0,2.0,04/11/2023,11.0,Matt,1,1,0,23/24
226,Newcastle,2.0,3.0,Burnley,0.0,1.0,30/09/2023,7.0,Matt,1,1,1,23/24
227,Newcastle,4.0,2.0,Luton,4.0,1.0,03/02/2024,23.0,Matt,1,1,0,23/24
228,Aston Villa,4.0,4.0,Nott'm Forest,2.0,1.0,24/02/2024,26.0,Matt,1,1,1,23/24
229,Aston Villa,1.0,5.0,Sheffield Utd,1.0,2.0,22/12/2023,18.0,Matt,1,1,0,23/24
230,Aston Villa,3.0,3.0,Fulham,1.0,1.0,12/11/2023,12.0,Matt,1,1,3,23/24
231,Aston Villa,3.0,3.0,Brentford,3.0,0.0,06/04/2024,32.0,Matt,1,1,0,23/24
232,Aston Villa,3.0,3.0,Liverpool,3.0,1.0,13/05/2024,37.0,Matt,1,1,0,23/24
233,Aston Villa,3.0,3.0,Bournemouth,1.0,2.0,21/04/2024,34.0,Matt,1,1,1,23/24
234,Aston Villa,2.0,1.0,Wolves,0.0,1.0,30/03/2024,30.0,Matt,1,1,0,23/24
235,Aston Villa,6.0,2.0,Brighton,1.0,2.0,30/09/2023,7.0,Matt,1,1,0,23/24
236,Aston Villa,0.0,3.0,Spurs,4.0,1.0,10/03/2024,28.0,Matt,1,1,0,23/24
237,Aston Villa,1.0,2.0,Man Utd,2.0,0.0,11/02/2024,24.0,Matt,1,1,0,23/24
238,Aston Villa,1.0,1.0,Man City,0.0,2.0,06/12/2023,15.0,Matt,1,1,0,23/24
239,Aston Villa,1.0,3.0,Newcastle,3.0,1.0,30/01/2024,22.0,Matt,1,1,0,23/24
240,Aston Villa,4.0,4.0,Everton,0.0,1.0,20/08/2023,2.0,Matt,1,1,1,23/24
241,Aston Villa,4.0,3.0,West Ham,1.0,2.0,22/10/2023,9.0,Matt,1,1,1,23/24
242,Aston Villa,2.0,4.0,Chelsea,2.0,3.0,27/04/2024,35.0,Matt,1,1,0,23/24
243,Aston Villa,3.0,3.0,Crystal Palace,1.0,1.0,16/09/2023,5.0,Matt,1,1,3,23/24
244,Aston Villa,1.0,2.0,Arsenal,0.0,2.0,09/12/2023,16.0,Matt,1,1,0,23/24
245,Aston Villa,3.0,4.0,Burnley,2.0,1.0,30/12/2023,20.0,Matt,1,1,1,23/24
246,Aston Villa,3.0,4.0,Luton,1.0,1.0,29/10/2023,10.0,Matt,1,1,1,23/24
247,Everton,2.0,1.0,Nott'm Forest,0.0,0.0,21/04/2024,34.0,Matt,1,1,1,23/24
248,Everton,1.0,2.0,Sheffield Utd,0.0,0.0,11/05/2024,37.0,Matt,1,1,1,23/24
249,Everton,0.0,1.0,Fulham,1.0,1.0,12/08/2023,1.0,Matt,1,1,0,23/24
250,Everton,1.0,2.0,Brentford,0.0,1.0,27/04/2024,35.0,Matt,1,1,1,23/24
251,Everton,2.0,0.0,Liverpool,0.0,1.0,24/04/2024,34.0,Matt,1,1,0,23/24
252,Everton,3.0,0.0,Bournemouth,0.0,0.0,07/10/2023,8.0,Matt,1,1,0,23/24
253,Everton,0.0,1.0,Wolves,1.0,0.0,26/08/2023,3.0,Matt,1,1,0,23/24
254,Everton,1.0,1.0,Brighton,1.0,2.0,04/11/2023,11.0,Matt,1,1,0,23/24
255,Everton,2.0,1.0,Spurs,2.0,0.0,03/02/2024,23.0,Matt,1,1,0,23/24
256,Everton,0.0,0.0,Man Utd,3.0,1.0,26/11/2023,13.0,Matt,1,1,1,23/24
257,Everton,1.0,1.0,Man City,3.0,2.0,27/12/2023,19.0,Matt,1,1,1,23/24
258,Everton,3.0,1.0,Newcastle,0.0,1.0,07/12/2023,15.0,Matt,1,1,0,23/24
259,Everton,0.0,2.0,Aston Villa,0.0,0.0,14/01/2024,21.0,Matt,1,1,0,23/24
260,Everton,1.0,1.0,West Ham,3.0,0.0,02/03/2024,27.0,Matt,1,1,0,23/24
261,Everton,2.0,2.0,Chelsea,0.0,1.0,10/12/2023,16.0,Matt,1,1,1,23/24
262,Everton,1.0,2.0,Crystal Palace,1.0,0.0,19/02/2024,25.0,Matt,1,1,0,23/24
263,Everton,0.0,1.0,Arsenal,1.0,2.0,17/09/2023,5.0,Matt,1,1,1,23/24
264,Everton,1.0,2.0,Burnley,0.0,0.0,06/04/2024,32.0,Matt,1,1,1,23/24
265,Everton,1.0,1.0,Luton,2.0,0.0,30/09/2023,7.0,Matt,1,1,0,23/24
266,West Ham,3.0,2.0,Nott'm Forest,2.0,1.0,12/11/2023,12.0,Matt,1,1,1,23/24
267,West Ham,2.0,0.0,Sheffield Utd,0.0,0.0,30/09/2023,7.0,Matt,1,1,0,23/24
268,West Ham,0.0,3.0,Fulham,2.0,2.0,14/04/2024,33.0,Matt,1,1,0,23/24
269,West Ham,4.0,1.0,Brentford,2.0,0.0,26/02/2024,26.0,Matt,1,1,1,23/24
270,West Ham,2.0,2.0,Liverpool,2.0,1.0,27/04/2024,35.0,Matt,1,1,0,23/24
271,West Ham,1.0,2.0,Bournemouth,1.0,1.0,01/02/2024,22.0,Matt,1,1,0,23/24
272,West Ham,3.0,3.0,Wolves,0.0,2.0,17/12/2023,17.0,Matt,1,1,1,23/24
273,West Ham,0.0,2.0,Brighton,0.0,1.0,02/01/2024,20.0,Matt,1,1,0,23/24
274,West Ham,1.0,2.0,Spurs,1.0,3.0,02/04/2024,31.0,Matt,1,1,0,23/24
275,West Ham,2.0,2.0,Man Utd,0.0,1.0,23/12/2023,18.0,Matt,1,1,1,23/24
276,West Ham,1.0,0.0,Man City,3.0,2.0,16/09/2023,5.0,Matt,1,1,1,23/24
277,West Ham,2.0,0.0,Newcastle,2.0,2.0,08/10/2023,8.0,Matt,1,1,0,23/24
278,West Ham,1.0,2.0,Aston Villa,1.0,1.0,17/03/2024,29.0,Matt,1,1,0,23/24
279,West Ham,0.0,3.0,Everton,1.0,0.0,29/10/2023,10.0,Matt,1,1,0,23/24
280,West Ham,3.0,2.0,Chelsea,1.0,3.0,20/08/2023,2.0,Matt,1,1,0,23/24
281,West Ham,1.0,1.0,Crystal Palace,1.0,0.0,03/12/2023,14.0,Matt,1,1,0,23/24
282,West Ham,0.0,2.0,Arsenal,6.0,3.0,11/02/2024,24.0,Matt,1,1,1,23/24
283,West Ham,2.0,3.0,Burnley,2.0,2.0,10/03/2024,28.0,Matt,1,1,0,23/24
284,West Ham,3.0,1.0,Luton,1.0,2.0,11/05/2024,37.0,Matt,1,1,0,23/24
285,Chelsea,0.0,2.0,Nott'm Forest,1.0,2.0,02/09/2023,4.0,Matt,1,1,0,23/24
286,Chelsea,2.0,2.0,Sheffield Utd,0.0,0.0,16/12/2023,17.0,Matt,1,1,3,23/24
287,Chelsea,1.0,3.0,Fulham,0.0,1.0,13/01/2024,21.0,Matt,1,1,1,23/24
288,Chelsea,0.0,2.0,Brentford,2.0,1.0,28/10/2023,10.0,Matt,1,1,0,23/24
289,Chelsea,1.0,2.0,Liverpool,1.0,2.0,13/08/2023,1.0,Matt,1,1,1,23/24
290,Chelsea,2.0,4.0,Bournemouth,1.0,2.0,19/05/2024,38.0,Matt,1,1,1,23/24
291,Chelsea,2.0,1.0,Wolves,4.0,1.0,04/02/2024,23.0,Matt,1,1,0,23/24
292,Chelsea,3.0,2.0,Brighton,2.0,2.0,03/12/2023,14.0,Matt,1,1,0,23/24
293,Chelsea,2.0,3.0,Spurs,0.0,3.0,02/05/2024,35.0,Matt,1,1,0,23/24
294,Chelsea,4.0,2.0,Man Utd,3.0,2.0,04/04/2024,31.0,Matt,1,1,0,23/24
295,Chelsea,4.0,1.0,Man City,4.0,2.0,12/11/2023,12.0,Matt,1,1,0,23/24
296,Chelsea,3.0,2.0,Newcastle,2.0,2.0,11/03/2024,28.0,Matt,1,1,0,23/24
297,Chelsea,0.0,1.0,Aston Villa,1.0,1.0,24/09/2023,6.0,Matt,1,1,0,23/24
298,Chelsea,6.0,1.0,Everton,0.0,0.0,15/04/2024,33.0,Matt,1,1,1,23/24
299,Chelsea,5.0,2.0,West Ham,0.0,0.0,05/05/2024,36.0,Matt,1,1,1,23/24
300,Chelsea,2.0,1.0,Crystal Palace,1.0,1.0,27/12/2023,19.0,Matt,1,1,0,23/24
301,Chelsea,2.0,0.0,Arsenal,2.0,2.0,21/10/2023,9.0,Matt,1,1,0,23/24
302,Chelsea,2.0,3.0,Burnley,2.0,0.0,30/03/2024,30.0,Matt,1,1,0,23/24
303,Chelsea,3.0,2.0,Luton,0.0,1.0,25/08/2023,3.0,Matt,1,1,1,23/24
304,Crystal Palace,0.0,2.0,Nott'm Forest,0.0,1.0,07/10/2023,8.0,Matt,1,1,0,23/24
305,Crystal Palace,3.0,1.0,Sheffield Utd,2.0,0.0,30/01/2024,22.0,Matt,1,1,1,23/24
306,Crystal Palace,0.0,2.0,Fulham,0.0,1.0,23/09/2023,6.0,Matt,1,1,0,23/24
307,Crystal Palace,3.0,2.0,Brentford,1.0,1.0,30/12/2023,20.0,Matt,1,1,1,23/24
308,Crystal Palace,1.0,1.0,Liverpool,2.0,3.0,09/12/2023,16.0,Matt,1,1,1,23/24
309,Crystal Palace,0.0,2.0,Bournemouth,2.0,1.0,06/12/2023,15.0,Matt,1,1,0,23/24
310,Crystal Palace,3.0,0.0,Wolves,2.0,0.0,03/09/2023,4.0,Matt,1,1,0,23/24
311,Crystal Palace,1.0,2.0,Brighton,1.0,2.0,21/12/2023,18.0,Matt,1,1,1,23/24
312,Crystal Palace,1.0,1.0,Spurs,2.0,1.0,27/10/2023,10.0,Matt,1,1,0,23/24
313,Crystal Palace,4.0,2.0,Man Utd,0.0,1.0,06/05/2024,36.0,Matt,1,1,1,23/24
314,Crystal Palace,2.0,1.0,Man City,4.0,2.0,06/04/2024,32.0,Matt,1,1,1,23/24
315,Crystal Palace,2.0,0.0,Newcastle,0.0,2.0,24/04/2024,34.0,Matt,1,1,0,23/24
316,Crystal Palace,5.0,3.0,Aston Villa,0.0,2.0,19/05/2024,38.0,Matt,1,1,1,23/24
317,Crystal Palace,2.0,1.0,Everton,3.0,1.0,11/11/2023,12.0,Matt,1,1,0,23/24
318,Crystal Palace,5.0,2.0,West Ham,2.0,1.0,21/04/2024,34.0,Matt,1,1,1,23/24
319,Crystal Palace,1.0,2.0,Chelsea,3.0,1.0,12/02/2024,24.0,Matt,1,1,0,23/24
320,Crystal Palace,0.0,1.0,Arsenal,1.0,2.0,21/08/2023,2.0,Matt,1,1,1,23/24
321,Crystal Palace,3.0,3.0,Burnley,0.0,2.0,24/02/2024,26.0,Matt,1,1,1,23/24
322,Crystal Palace,1.0,1.0,Luton,1.0,1.0,09/03/2024,28.0,Matt,1,1,3,23/24
323,Arsenal,2.0,4.0,Nott'm Forest,1.0,1.0,12/08/2023,1.0,Matt,1,1,1,23/24
324,Arsenal,5.0,4.0,Sheffield Utd,0.0,1.0,28/10/2023,10.0,Matt,1,1,1,23/24
325,Arsenal,2.0,4.0,Fulham,2.0,1.0,26/08/2023,3.0,Matt,1,1,0,23/24
326,Arsenal,2.0,4.0,Brentford,1.0,0.0,09/03/2024,28.0,Matt,1,1,1,23/24
327,Arsenal,3.0,2.0,Liverpool,1.0,2.0,04/02/2024,23.0,Matt,1,1,0,23/24
328,Arsenal,3.0,3.0,Bournemouth,0.0,0.0,04/05/2024,36.0,Matt,1,1,3,23/24
329,Arsenal,2.0,2.0,Wolves,1.0,0.0,02/12/2023,14.0,Matt,1,1,1,23/24
330,Arsenal,2.0,3.0,Brighton,0.0,1.0,17/12/2023,17.0,Matt,1,1,1,23/24
331,Arsenal,2.0,4.0,Spurs,2.0,2.0,24/09/2023,6.0,Matt,1,1,0,23/24
332,Arsenal,3.0,4.0,Man Utd,1.0,1.0,03/09/2023,4.0,Matt,1,1,1,23/24
333,Arsenal,1.0,1.0,Man City,0.0,2.0,08/10/2023,8.0,Matt,1,1,0,23/24
334,Arsenal,4.0,3.0,Newcastle,1.0,1.0,24/02/2024,26.0,Matt,1,1,1,23/24
335,Arsenal,0.0,1.0,Aston Villa,2.0,0.0,14/04/2024,33.0,Matt,1,1,0,23/24
336,Arsenal,2.0,2.0,Everton,1.0,1.0,19/05/2024,38.0,Matt,1,1,3,23/24
337,Arsenal,0.0,3.0,West Ham,2.0,1.0,28/12/2023,19.0,Matt,1,1,0,23/24
338,Arsenal,5.0,3.0,Chelsea,0.0,1.0,23/04/2024,34.0,Matt,1,1,1,23/24
339,Arsenal,5.0,3.0,Crystal Palace,0.0,1.0,20/01/2024,21.0,Matt,1,1,1,23/24
340,Arsenal,3.0,5.0,Burnley,1.0,1.0,11/11/2023,12.0,Matt,1,1,1,23/24
341,Arsenal,2.0,4.0,Luton,0.0,1.0,03/04/2024,31.0,Matt,1,1,1,23/24
342,Burnley,1.0,2.0,Nott'm Forest,2.0,1.0,19/05/2024,38.0,Matt,1,1,0,23/24
343,Burnley,5.0,2.0,Sheffield Utd,0.0,0.0,02/12/2023,14.0,Matt,1,1,1,23/24
344,Burnley,2.0,1.0,Fulham,2.0,0.0,03/02/2024,23.0,Matt,1,1,0,23/24
345,Burnley,2.0,1.0,Brentford,1.0,3.0,16/03/2024,29.0,Matt,1,1,0,23/24
346,Burnley,0.0,1.0,Liverpool,2.0,3.0,26/12/2023,19.0,Matt,1,1,1,23/24
347,Burnley,0.0,2.0,Bournemouth,2.0,1.0,03/03/2024,27.0,Matt,1,1,0,23/24
348,Burnley,1.0,0.0,Wolves,1.0,1.0,02/04/2024,31.0,Matt,1,1,0,23/24
349,Burnley,1.0,2.0,Brighton,1.0,1.0,13/04/2024,33.0,Matt,1,1,0,23/24
350,Burnley,2.0,1.0,Spurs,5.0,2.0,02/09/2023,4.0,Matt,1,1,1,23/24
351,Burnley,0.0,0.0,Man Utd,1.0,1.0,23/09/2023,6.0,Matt,1,1,3,23/24
352,Burnley,0.0,0.0,Man City,3.0,4.0,11/08/2023,1.0,Matt,1,1,1,23/24
353,Burnley,1.0,1.0,Newcastle,4.0,1.0,04/05/2024,36.0,Matt,1,1,0,23/24
354,Burnley,1.0,2.0,Aston Villa,3.0,0.0,27/08/2023,3.0,Matt,1,1,0,23/24
355,Burnley,0.0,0.0,Everton,2.0,1.0,16/12/2023,17.0,Matt,1,1,1,23/24
356,Burnley,1.0,0.0,West Ham,2.0,1.0,25/11/2023,13.0,Matt,1,1,1,23/24
357,Burnley,1.0,1.0,Chelsea,4.0,2.0,07/10/2023,8.0,Matt,1,1,1,23/24
358,Burnley,0.0,0.0,Crystal Palace,2.0,2.0,04/11/2023,11.0,Matt,1,1,3,23/24
359,Burnley,0.0,0.0,Arsenal,5.0,4.0,17/02/2024,25.0,Matt,1,1,1,23/24
360,Burnley,1.0,2.0,Luton,1.0,2.0,12/01/2024,21.0,Matt,1,1,1,23/24
361,Luton,1.0,3.0,Nott'm Forest,1.0,2.0,16/03/2024,29.0,Matt,1,1,0,23/24
362,Luton,1.0,2.0,Sheffield Utd,3.0,1.0,10/02/2024,24.0,Matt,1,1,0,23/24
363,Luton,2.0,2.0,Fulham,4.0,1.0,19/05/2024,38.0,Matt,1,1,0,23/24
364,Luton,1.0,2.0,Brentford,5.0,1.0,20/04/2024,34.0,Matt,1,1,0,23/24
365,Luton,1.0,1.0,Liverpool,1.0,5.0,05/11/2023,11.0,Matt,1,1,0,23/24
366,Luton,2.0,1.0,Bournemouth,1.0,0.0,06/04/2024,32.0,Matt,1,1,1,23/24
367,Luton,1.0,0.0,Wolves,1.0,3.0,23/09/2023,6.0,Matt,1,1,0,23/24
368,Luton,4.0,2.0,Brighton,0.0,1.0,30/01/2024,22.0,Matt,1,1,1,23/24
369,Luton,0.0,0.0,Spurs,1.0,2.0,07/10/2023,8.0,Matt,1,1,1,23/24
370,Luton,1.0,2.0,Man Utd,2.0,2.0,18/02/2024,25.0,Matt,1,1,0,23/24
371,Luton,1.0,1.0,Man City,2.0,2.0,10/12/2023,16.0,Matt,1,1,3,23/24
372,Luton,1.0,1.0,Newcastle,0.0,2.0,23/12/2023,18.0,Matt,1,1,0,23/24
373,Luton,2.0,2.0,Aston Villa,3.0,3.0,02/03/2024,27.0,Matt,1,1,3,23/24
374,Luton,1.0,2.0,Everton,1.0,2.0,03/05/2024,36.0,Matt,1,1,1,23/24
375,Luton,1.0,1.0,West Ham,2.0,3.0,01/09/2023,4.0,Matt,1,1,1,23/24
376,Luton,2.0,2.0,Chelsea,3.0,1.0,30/12/2023,20.0,Matt,1,1,0,23/24
377,Luton,2.0,1.0,Crystal Palace,1.0,2.0,25/11/2023,13.0,Matt,1,1,0,23/24
378,Luton,3.0,1.0,Arsenal,4.0,4.0,05/12/2023,15.0,Matt,1,1,1,23/24
379,Luton,1.0,1.0,Burnley,2.0,2.0,03/10/2023,7.0,Matt,1,1,3,23/24
380,Nott'm Forest,2.0,2.0,Sheffield Utd,1.0,0.0,18/08/2023,2.0,Simon,1,1,1,23/24
381,Nott'm Forest,3.0,1.0,Fulham,1.0,2.0,02/04/2024,31.0,Simon,1,1,0,23/24
382,Nott'm Forest,1.0,1.0,Brentford,1.0,1.0,01/10/2023,7.0,Simon,1,1,3,23/24
383,Nott'm Forest,0.0,0.0,Liverpool,1.0,3.0,02/03/2024,27.0,Simon,1,1,1,23/24
384,Nott'm Forest,2.0,2.0,Bournemouth,3.0,2.0,23/12/2023,18.0,Simon,1,1,0,23/24
385,Nott'm Forest,2.0,1.0,Wolves,2.0,0.0,13/04/2024,33.0,Simon,1,1,0,23/24
386,Nott'm Forest,2.0,1.0,Brighton,3.0,0.0,25/11/2023,13.0,Simon,1,1,0,23/24
387,Nott'm Forest,0.0,1.0,Spurs,2.0,3.0,15/12/2023,17.0,Simon,1,1,1,23/24
388,Nott'm Forest,2.0,1.0,Man Utd,1.0,3.0,30/12/2023,20.0,Simon,1,1,0,23/24
389,Nott'm Forest,0.0,1.0,Man City,2.0,3.0,28/04/2024,35.0,Simon,1,1,1,23/24
390,Nott'm Forest,2.0,1.0,Newcastle,3.0,2.0,10/02/2024,24.0,Simon,1,1,1,23/24
391,Nott'm Forest,2.0,0.0,Aston Villa,0.0,2.0,05/11/2023,11.0,Simon,1,1,0,23/24
392,Nott'm Forest,0.0,1.0,Everton,1.0,1.0,02/12/2023,14.0,Simon,1,1,0,23/24
393,Nott'm Forest,2.0,1.0,West Ham,0.0,0.0,17/02/2024,25.0,Simon,1,1,1,23/24
394,Nott'm Forest,2.0,1.0,Chelsea,3.0,3.0,11/05/2024,37.0,Simon,1,1,1,23/24
395,Nott'm Forest,1.0,1.0,Crystal Palace,1.0,0.0,30/03/2024,30.0,Simon,1,1,0,23/24
396,Nott'm Forest,1.0,1.0,Arsenal,2.0,2.0,30/01/2024,22.0,Simon,1,1,3,23/24
397,Nott'm Forest,1.0,2.0,Burnley,1.0,1.0,18/09/2023,5.0,Simon,1,1,0,23/24
398,Nott'm Forest,2.0,2.0,Luton,2.0,1.0,21/10/2023,9.0,Simon,1,1,0,23/24
399,Sheffield Utd,1.0,1.0,Nott'm Forest,3.0,2.0,04/05/2024,36.0,Simon,1,1,1,23/24
400,Sheffield Utd,3.0,1.0,Fulham,3.0,2.0,30/03/2024,30.0,Simon,1,1,0,23/24
401,Sheffield Utd,1.0,0.0,Brentford,0.0,1.0,09/12/2023,16.0,Simon,1,1,0,23/24
402,Sheffield Utd,0.0,0.0,Liverpool,2.0,4.0,06/12/2023,15.0,Simon,1,1,1,23/24
403,Sheffield Utd,1.0,1.0,Bournemouth,3.0,1.0,25/11/2023,13.0,Simon,1,1,0,23/24
404,Sheffield Utd,2.0,0.0,Wolves,1.0,1.0,04/11/2023,11.0,Simon,1,1,0,23/24
405,Sheffield Utd,0.0,1.0,Brighton,5.0,0.0,18/02/2024,25.0,Simon,1,1,0,23/24
406,Sheffield Utd,0.0,0.0,Spurs,3.0,3.0,19/05/2024,38.0,Simon,1,1,3,23/24
407,Sheffield Utd,1.0,0.0,Man Utd,2.0,2.0,21/10/2023,9.0,Simon,1,1,1,23/24
408,Sheffield Utd,1.0,0.0,Man City,2.0,4.0,27/08/2023,3.0,Simon,1,1,1,23/24
409,Sheffield Utd,0.0,0.0,Newcastle,8.0,2.0,24/09/2023,6.0,Simon,1,1,1,23/24
410,Sheffield Utd,0.0,0.0,Aston Villa,5.0,2.0,03/02/2024,23.0,Simon,1,1,1,23/24
411,Sheffield Utd,2.0,1.0,Everton,2.0,0.0,02/09/2023,4.0,Simon,1,1,0,23/24
412,Sheffield Utd,2.0,1.0,West Ham,2.0,0.0,21/01/2024,21.0,Simon,1,1,0,23/24
413,Sheffield Utd,2.0,1.0,Chelsea,2.0,3.0,07/04/2024,32.0,Simon,1,1,0,23/24
414,Sheffield Utd,0.0,1.0,Crystal Palace,1.0,2.0,12/08/2023,1.0,Simon,1,1,1,23/24
415,Sheffield Utd,0.0,0.0,Arsenal,6.0,3.0,04/03/2024,27.0,Simon,1,1,1,23/24
416,Sheffield Utd,1.0,1.0,Burnley,4.0,0.0,20/04/2024,34.0,Simon,1,1,0,23/24
417,Sheffield Utd,2.0,2.0,Luton,3.0,2.0,26/12/2023,19.0,Simon,1,1,0,23/24
418,Fulham,5.0,1.0,Nott'm Forest,0.0,0.0,06/12/2023,15.0,Simon,1,1,1,23/24
419,Fulham,3.0,1.0,Sheffield Utd,1.0,1.0,07/10/2023,8.0,Simon,1,1,0,23/24
420,Fulham,0.0,1.0,Brentford,3.0,2.0,19/08/2023,2.0,Simon,1,1,1,23/24
421,Fulham,1.0,1.0,Liverpool,3.0,3.0,21/04/2024,34.0,Simon,1,1,3,23/24
422,Fulham,3.0,2.0,Bournemouth,1.0,2.0,10/02/2024,24.0,Simon,1,1,0,23/24
423,Fulham,3.0,1.0,Wolves,2.0,2.0,27/11/2023,13.0,Simon,1,1,0,23/24
424,Fulham,3.0,2.0,Brighton,0.0,2.0,02/03/2024,27.0,Simon,1,1,0,23/24
425,Fulham,3.0,1.0,Spurs,0.0,3.0,16/03/2024,29.0,Simon,1,1,0,23/24
426,Fulham,0.0,1.0,Man Utd,1.0,1.0,04/11/2023,11.0,Simon,1,1,0,23/24
427,Fulham,0.0,1.0,Man City,4.0,1.0,11/05/2024,37.0,Simon,1,1,0,23/24
428,Fulham,0.0,2.0,Newcastle,1.0,2.0,06/04/2024,32.0,Simon,1,1,0,23/24
429,Fulham,1.0,1.0,Aston Villa,2.0,1.0,17/02/2024,25.0,Simon,1,1,0,23/24
430,Fulham,0.0,2.0,Everton,0.0,1.0,30/01/2024,22.0,Simon,1,1,0,23/24
431,Fulham,5.0,1.0,West Ham,0.0,1.0,10/12/2023,16.0,Simon,1,1,0,23/24
432,Fulham,0.0,1.0,Chelsea,2.0,1.0,02/10/2023,7.0,Simon,1,1,0,23/24
433,Fulham,1.0,1.0,Crystal Palace,1.0,1.0,27/04/2024,35.0,Simon,1,1,3,23/24
434,Fulham,2.0,1.0,Arsenal,1.0,1.0,31/12/2023,20.0,Simon,1,1,0,23/24
435,Fulham,0.0,2.0,Burnley,2.0,0.0,23/12/2023,18.0,Simon,1,1,0,23/24
436,Fulham,1.0,1.0,Luton,0.0,0.0,16/09/2023,5.0,Simon,1,1,3,23/24
437,Brentford,3.0,1.0,Nott'm Forest,2.0,1.0,20/01/2024,21.0,Simon,1,1,0,23/24
438,Brentford,2.0,2.0,Sheffield Utd,0.0,1.0,13/04/2024,33.0,Simon,1,1,1,23/24
439,Brentford,0.0,1.0,Fulham,0.0,0.0,04/05/2024,36.0,Simon,1,1,0,23/24
440,Brentford,1.0,1.0,Liverpool,4.0,3.0,17/02/2024,25.0,Simon,1,1,1,23/24
441,Brentford,2.0,2.0,Bournemouth,2.0,0.0,02/09/2023,4.0,Simon,1,1,0,23/24
442,Brentford,1.0,1.0,Wolves,4.0,1.0,27/12/2023,19.0,Simon,1,1,0,23/24
443,Brentford,0.0,2.0,Brighton,0.0,1.0,03/04/2024,31.0,Simon,1,1,0,23/24
444,Brentford,2.0,2.0,Spurs,2.0,1.0,13/08/2023,1.0,Simon,1,1,0,23/24
445,Brentford,1.0,1.0,Man Utd,1.0,2.0,30/03/2024,30.0,Simon,1,1,0,23/24
446,Brentford,1.0,0.0,Man City,3.0,3.0,05/02/2024,23.0,Simon,1,1,1,23/24
447,Brentford,2.0,1.0,Newcastle,4.0,1.0,19/05/2024,38.0,Simon,1,1,0,23/24
448,Brentford,1.0,2.0,Aston Villa,2.0,2.0,17/12/2023,17.0,Simon,1,1,0,23/24
449,Brentford,1.0,1.0,Everton,3.0,0.0,23/09/2023,6.0,Simon,1,1,0,23/24
450,Brentford,3.0,1.0,West Ham,2.0,2.0,04/11/2023,11.0,Simon,1,1,0,23/24
451,Brentford,2.0,1.0,Chelsea,2.0,2.0,02/03/2024,27.0,Simon,1,1,0,23/24
452,Brentford,1.0,2.0,Crystal Palace,1.0,0.0,26/08/2023,3.0,Simon,1,1,0,23/24
453,Brentford,0.0,1.0,Arsenal,1.0,2.0,25/11/2023,13.0,Simon,1,1,1,23/24
454,Brentford,3.0,2.0,Burnley,0.0,1.0,21/10/2023,9.0,Simon,1,1,1,23/24
455,Brentford,3.0,2.0,Luton,1.0,1.0,02/12/2023,14.0,Simon,1,1,1,23/24
456,Liverpool,3.0,2.0,Nott'm Forest,0.0,0.0,29/10/2023,10.0,Simon,1,1,1,23/24
457,Liverpool,3.0,5.0,Sheffield Utd,1.0,0.0,04/04/2024,31.0,Simon,1,1,1,23/24
458,Liverpool,4.0,4.0,Fulham,3.0,0.0,03/12/2023,14.0,Simon,1,1,1,23/24
459,Liverpool,3.0,3.0,Brentford,0.0,1.0,12/11/2023,12.0,Simon,1,1,1,23/24
460,Liverpool,3.0,3.0,Bournemouth,1.0,0.0,19/08/2023,2.0,Simon,1,1,1,23/24
461,Liverpool,2.0,3.0,Wolves,0.0,1.0,19/05/2024,38.0,Simon,1,1,1,23/24
462,Liverpool,2.0,3.0,Brighton,1.0,1.0,31/03/2024,30.0,Simon,1,1,1,23/24
463,Liverpool,4.0,3.0,Spurs,2.0,1.0,05/05/2024,36.0,Simon,1,1,1,23/24
464,Liverpool,0.0,3.0,Man Utd,0.0,1.0,17/12/2023,17.0,Simon,1,1,0,23/24
465,Liverpool,1.0,2.0,Man City,1.0,3.0,10/03/2024,28.0,Simon,1,1,0,23/24
466,Liverpool,4.0,2.0,Newcastle,2.0,0.0,01/01/2024,20.0,Simon,1,1,1,23/24
467,Liverpool,3.0,2.0,Aston Villa,0.0,2.0,03/09/2023,4.0,Simon,1,1,0,23/24
468,Liverpool,2.0,3.0,Everton,0.0,1.0,21/10/2023,9.0,Simon,1,1,1,23/24
469,Liverpool,3.0,2.0,West Ham,1.0,1.0,24/09/2023,6.0,Simon,1,1,1,23/24
470,Liverpool,4.0,3.0,Chelsea,1.0,2.0,31/01/2024,22.0,Simon,1,1,1,23/24
471,Liverpool,0.0,3.0,Crystal Palace,1.0,0.0,14/04/2024,33.0,Simon,1,1,0,23/24
472,Liverpool,1.0,1.0,Arsenal,1.0,2.0,23/12/2023,18.0,Simon,1,1,0,23/24
473,Liverpool,3.0,4.0,Burnley,1.0,1.0,10/02/2024,24.0,Simon,1,1,1,23/24
474,Liverpool,4.0,4.0,Luton,1.0,0.0,21/02/2024,25.0,Simon,1,1,1,23/24
475,Bournemouth,1.0,2.0,Nott'm Forest,1.0,0.0,04/02/2024,23.0,Simon,1,1,0,23/24
476,Bournemouth,2.0,2.0,Sheffield Utd,2.0,0.0,09/03/2024,28.0,Simon,1,1,0,23/24
477,Bournemouth,3.0,2.0,Fulham,0.0,0.0,26/12/2023,19.0,Simon,1,1,1,23/24
478,Bournemouth,1.0,2.0,Brentford,2.0,1.0,11/05/2024,37.0,Simon,1,1,0,23/24
479,Bournemouth,0.0,1.0,Liverpool,4.0,3.0,21/01/2024,21.0,Simon,1,1,1,23/24
480,Bournemouth,1.0,0.0,Wolves,2.0,1.0,21/10/2023,9.0,Simon,1,1,1,23/24
481,Bournemouth,3.0,1.0,Brighton,0.0,0.0,28/04/2024,35.0,Simon,1,1,1,23/24
482,Bournemouth,0.0,1.0,Spurs,2.0,2.0,26/08/2023,3.0,Simon,1,1,1,23/24
483,Bournemouth,2.0,1.0,Man Utd,2.0,3.0,13/04/2024,33.0,Simon,1,1,0,23/24
484,Bournemouth,0.0,0.0,Man City,1.0,2.0,24/02/2024,26.0,Simon,1,1,1,23/24
485,Bournemouth,2.0,0.0,Newcastle,0.0,1.0,11/11/2023,12.0,Simon,1,1,0,23/24
486,Bournemouth,2.0,0.0,Aston Villa,2.0,2.0,03/12/2023,14.0,Simon,1,1,0,23/24
487,Bournemouth,2.0,1.0,Everton,1.0,1.0,30/03/2024,30.0,Simon,1,1,0,23/24
488,Bournemouth,1.0,1.0,West Ham,1.0,1.0,12/08/2023,1.0,Simon,1,1,3,23/24
489,Bournemouth,0.0,0.0,Chelsea,0.0,2.0,17/09/2023,5.0,Simon,1,1,0,23/24
490,Bournemouth,1.0,1.0,Crystal Palace,0.0,1.0,02/04/2024,31.0,Simon,1,1,0,23/24
491,Bournemouth,0.0,0.0,Arsenal,4.0,2.0,30/09/2023,7.0,Simon,1,1,1,23/24
492,Bournemouth,2.0,0.0,Burnley,1.0,0.0,28/10/2023,10.0,Simon,1,1,0,23/24
493,Bournemouth,4.0,1.0,Luton,3.0,1.0,16/12/2023,28.0,Simon,1,1,0,23/24
494,Wolves,1.0,2.0,Nott'm Forest,1.0,0.0,09/12/2023,16.0,Simon,1,1,0,23/24
495,Wolves,1.0,3.0,Sheffield Utd,0.0,0.0,25/02/2024,26.0,Simon,1,1,1,23/24
496,Wolves,2.0,2.0,Fulham,1.0,2.0,09/03/2024,28.0,Simon,1,1,0,23/24
497,Wolves,0.0,2.0,Brentford,2.0,0.0,10/02/2024,24.0,Simon,1,1,0,23/24
498,Wolves,1.0,0.0,Liverpool,3.0,2.0,16/09/2023,5.0,Simon,1,1,1,23/24
499,Wolves,0.0,1.0,Bournemouth,1.0,1.0,24/04/2024,34.0,Simon,1,1,0,23/24
500,Wolves,1.0,0.0,Brighton,4.0,2.0,19/08/2023,2.0,Simon,1,1,1,23/24
501,Wolves,2.0,1.0,Spurs,1.0,1.0,11/11/2023,12.0,Simon,1,1,0,23/24
502,Wolves,3.0,2.0,Man Utd,4.0,2.0,01/02/2024,22.0,Simon,1,1,0,23/24
503,Wolves,2.0,0.0,Man City,1.0,3.0,30/09/2023,7.0,Simon,1,1,0,23/24
504,Wolves,2.0,2.0,Newcastle,2.0,1.0,28/10/2023,10.0,Simon,1,1,0,23/24
505,Wolves,1.0,1.0,Aston Villa,1.0,2.0,08/10/2023,8.0,Simon,1,1,0,23/24
506,Wolves,3.0,2.0,Everton,0.0,2.0,30/12/2023,20.0,Simon,1,1,0,23/24
507,Wolves,1.0,1.0,West Ham,2.0,2.0,06/04/2024,32.0,Simon,1,1,3,23/24
508,Wolves,2.0,2.0,Chelsea,1.0,1.0,24/12/2023,18.0,Simon,1,1,3,23/24
509,Wolves,1.0,1.0,Crystal Palace,3.0,1.0,11/05/2024,37.0,Simon,1,1,0,23/24
510,Wolves,0.0,1.0,Arsenal,2.0,1.0,20/04/2024,34.0,Simon,1,1,0,23/24
511,Wolves,1.0,2.0,Burnley,0.0,0.0,05/12/2023,15.0,Simon,1,1,1,23/24
512,Wolves,2.0,0.0,Luton,1.0,1.0,27/04/2024,35.0,Simon,1,1,0,23/24
513,Brighton,1.0,3.0,Nott'm Forest,0.0,1.0,10/03/2024,28.0,Simon,1,1,1,23/24
514,Brighton,1.0,2.0,Sheffield Utd,1.0,1.0,12/11/2023,12.0,Simon,1,1,0,23/24
515,Brighton,1.0,2.0,Fulham,1.0,0.0,29/10/2023,10.0,Simon,1,1,0,23/24
516,Brighton,2.0,1.0,Brentford,1.0,1.0,06/12/2023,15.0,Simon,1,1,0,23/24
517,Brighton,2.0,1.0,Liverpool,2.0,3.0,08/10/2023,8.0,Simon,1,1,0,23/24
518,Brighton,3.0,4.0,Bournemouth,1.0,1.0,24/09/2023,6.0,Simon,1,1,1,23/24
519,Brighton,0.0,2.0,Wolves,0.0,1.0,22/01/2024,21.0,Simon,1,1,0,23/24
520,Brighton,4.0,3.0,Spurs,2.0,2.0,28/12/2023,19.0,Simon,1,1,1,23/24
521,Brighton,0.0,2.0,Man Utd,2.0,1.0,19/05/2024,38.0,Simon,1,1,0,23/24
522,Brighton,0.0,1.0,Man City,4.0,1.0,25/04/2024,34.0,Simon,1,1,0,23/24
523,Brighton,3.0,1.0,Newcastle,1.0,1.0,02/09/2023,4.0,Simon,1,1,0,23/24
524,Brighton,1.0,0.0,Aston Villa,0.0,1.0,05/05/2024,36.0,Simon,1,1,0,23/24
525,Brighton,1.0,2.0,Everton,1.0,1.0,24/02/2024,26.0,Simon,1,1,0,23/24
526,Brighton,1.0,3.0,West Ham,3.0,2.0,26/08/2023,3.0,Simon,1,1,0,23/24
527,Brighton,1.0,2.0,Chelsea,2.0,1.0,15/05/2024,37.0,Simon,1,1,0,23/24
528,Brighton,4.0,2.0,Crystal Palace,1.0,1.0,03/02/2024,23.0,Simon,1,1,1,23/24
529,Brighton,0.0,0.0,Arsenal,3.0,1.0,06/04/2024,32.0,Simon,1,1,1,23/24
530,Brighton,1.0,2.0,Burnley,1.0,0.0,09/12/2023,16.0,Simon,1,1,0,23/24
531,Brighton,4.0,3.0,Luton,1.0,0.0,12/08/2023,1.0,Simon,1,1,1,23/24
532,Spurs,3.0,2.0,Nott'm Forest,1.0,0.0,07/04/2024,32.0,Simon,1,1,1,23/24
533,Spurs,2.0,3.0,Sheffield Utd,1.0,1.0,16/09/2023,5.0,Simon,1,1,1,23/24
534,Spurs,2.0,2.0,Fulham,0.0,1.0,23/10/2023,9.0,Simon,1,1,1,23/24
535,Spurs,3.0,2.0,Brentford,2.0,2.0,31/01/2024,22.0,Simon,1,1,0,23/24
536,Spurs,2.0,2.0,Liverpool,1.0,3.0,30/09/2023,7.0,Simon,1,1,0,23/24
537,Spurs,3.0,3.0,Bournemouth,1.0,2.0,31/12/2023,20.0,Simon,1,1,1,23/24
538,Spurs,1.0,3.0,Wolves,2.0,1.0,17/02/2024,25.0,Simon,1,1,0,23/24
539,Spurs,2.0,3.0,Brighton,1.0,2.0,10/02/2024,24.0,Simon,1,1,1,23/24
540,Spurs,2.0,1.0,Man Utd,0.0,1.0,19/08/2023,2.0,Simon,1,1,0,23/24
541,Spurs,0.0,0.0,Man City,2.0,3.0,14/05/2024,37.0,Simon,1,1,1,23/24
542,Spurs,4.0,1.0,Newcastle,1.0,1.0,10/12/2023,16.0,Simon,1,1,0,23/24
543,Spurs,1.0,2.0,Aston Villa,2.0,1.0,26/11/2023,13.0,Simon,1,1,0,23/24
544,Spurs,2.0,1.0,Everton,1.0,1.0,23/12/2023,18.0,Simon,1,1,0,23/24
545,Spurs,1.0,2.0,West Ham,2.0,0.0,07/12/2023,15.0,Simon,1,1,0,23/24
546,Spurs,1.0,2.0,Chelsea,4.0,1.0,06/11/2023,11.0,Simon,1,1,0,23/24
547,Spurs,3.0,2.0,Crystal Palace,1.0,0.0,02/03/2024,27.0,Simon,1,1,1,23/24
548,Spurs,2.0,2.0,Arsenal,3.0,2.0,28/04/2024,35.0,Simon,1,1,0,23/24
549,Spurs,2.0,2.0,Burnley,1.0,2.0,11/05/2024,37.0,Simon,1,1,0,23/24
550,Spurs,2.0,3.0,Luton,1.0,1.0,30/03/2024,30.0,Simon,1,1,1,23/24
551,Man Utd,3.0,2.0,Nott'm Forest,2.0,1.0,26/08/2023,3.0,Simon,1,1,1,23/24
552,Man Utd,4.0,2.0,Sheffield Utd,2.0,0.0,24/04/2024,34.0,Simon,1,1,1,23/24
553,Man Utd,1.0,3.0,Fulham,2.0,1.0,24/02/2024,26.0,Simon,1,1,0,23/24
554,Man Utd,2.0,2.0,Brentford,1.0,2.0,07/10/2023,8.0,Simon,1,1,0,23/24
555,Man Utd,2.0,2.0,Liverpool,2.0,3.0,07/04/2024,32.0,Simon,1,1,0,23/24
556,Man Utd,0.0,2.0,Bournemouth,3.0,1.0,09/12/2023,16.0,Simon,1,1,0,23/24
557,Man Utd,1.0,3.0,Wolves,0.0,0.0,14/08/2023,1.0,Simon,1,1,1,23/24
558,Man Utd,1.0,2.0,Brighton,3.0,2.0,16/09/2023,5.0,Simon,1,1,0,23/24
559,Man Utd,2.0,2.0,Spurs,2.0,2.0,14/01/2024,21.0,Simon,1,1,3,23/24
560,Man Utd,0.0,1.0,Man City,3.0,3.0,29/10/2023,10.0,Simon,1,1,1,23/24
561,Man Utd,3.0,0.0,Newcastle,2.0,1.0,15/05/2024,37.0,Simon,1,1,0,23/24
562,Man Utd,3.0,2.0,Aston Villa,2.0,1.0,26/12/2023,19.0,Simon,1,1,1,23/24
563,Man Utd,2.0,2.0,Everton,0.0,1.0,09/03/2024,28.0,Simon,1,1,1,23/24
564,Man Utd,3.0,2.0,West Ham,0.0,1.0,04/02/2024,23.0,Simon,1,1,1,23/24
565,Man Utd,2.0,1.0,Chelsea,1.0,2.0,06/12/2023,15.0,Simon,1,1,0,23/24
566,Man Utd,0.0,2.0,Crystal Palace,1.0,0.0,30/09/2023,7.0,Simon,1,1,0,23/24
567,Man Utd,0.0,0.0,Arsenal,1.0,2.0,12/05/2024,37.0,Simon,1,1,1,23/24
568,Man Utd,1.0,3.0,Burnley,1.0,1.0,27/04/2024,35.0,Simon,1,1,0,23/24
569,Man Utd,1.0,2.0,Luton,0.0,0.0,11/11/2023,12.0,Simon,1,1,1,23/24
570,Man City,2.0,3.0,Nott'm Forest,0.0,0.0,23/09/2023,6.0,Simon,1,1,1,23/24
571,Man City,2.0,4.0,Sheffield Utd,0.0,0.0,30/12/2023,20.0,Simon,1,1,1,23/24
572,Man City,5.0,3.0,Fulham,1.0,0.0,02/09/2023,4.0,Simon,1,1,1,23/24
573,Man City,1.0,3.0,Brentford,0.0,0.0,20/02/2024,25.0,Simon,1,1,1,23/24
574,Man City,1.0,3.0,Liverpool,1.0,2.0,25/11/2023,13.0,Simon,1,1,0,23/24
575,Man City,6.0,5.0,Bournemouth,1.0,0.0,04/11/2023,11.0,Simon,1,1,1,23/24
576,Man City,5.0,2.0,Wolves,1.0,0.0,04/05/2024,36.0,Simon,1,1,1,23/24
577,Man City,2.0,3.0,Brighton,1.0,1.0,21/10/2023,9.0,Simon,1,1,1,23/24
578,Man City,3.0,4.0,Spurs,3.0,2.0,03/12/2023,14.0,Simon,1,1,0,23/24
579,Man City,3.0,3.0,Man Utd,1.0,1.0,03/03/2024,27.0,Simon,1,1,3,23/24
580,Man City,1.0,1.0,Newcastle,0.0,1.0,19/08/2023,2.0,Simon,1,1,0,23/24
581,Man City,4.0,2.0,Aston Villa,1.0,1.0,03/04/2024,31.0,Simon,1,1,1,23/24
582,Man City,2.0,3.0,Everton,0.0,0.0,10/02/2024,24.0,Simon,1,1,1,23/24
583,Man City,3.0,5.0,West Ham,1.0,1.0,19/05/2024,38.0,Simon,1,1,1,23/24
584,Man City,1.0,4.0,Chelsea,1.0,1.0,17/02/2024,25.0,Simon,1,1,0,23/24
585,Man City,2.0,4.0,Crystal Palace,2.0,0.0,16/12/2023,17.0,Simon,1,1,0,23/24
586,Man City,0.0,2.0,Arsenal,0.0,2.0,31/03/2024,30.0,Simon,1,1,1,23/24
587,Man City,3.0,4.0,Burnley,1.0,0.0,31/01/2024,22.0,Simon,1,1,1,23/24
588,Man City,5.0,4.0,Luton,1.0,0.0,13/04/2024,33.0,Simon,1,1,1,23/24
589,Newcastle,1.0,1.0,Nott'm Forest,3.0,0.0,26/12/2023,19.0,Simon,1,1,0,23/24
590,Newcastle,5.0,2.0,Sheffield Utd,1.0,0.0,27/04/2024,35.0,Simon,1,1,1,23/24
591,Newcastle,3.0,1.0,Fulham,0.0,1.0,16/12/2023,17.0,Simon,1,1,0,23/24
592,Newcastle,1.0,1.0,Brentford,0.0,1.0,16/09/2023,5.0,Simon,1,1,0,23/24
593,Newcastle,1.0,2.0,Liverpool,2.0,2.0,27/08/2023,3.0,Simon,1,1,0,23/24
594,Newcastle,2.0,2.0,Bournemouth,2.0,1.0,17/02/2024,25.0,Simon,1,1,0,23/24
595,Newcastle,3.0,2.0,Wolves,0.0,1.0,02/03/2024,27.0,Simon,1,1,1,23/24
596,Newcastle,1.0,3.0,Brighton,1.0,1.0,11/05/2024,37.0,Simon,1,1,0,23/24
597,Newcastle,4.0,2.0,Spurs,0.0,2.0,13/04/2024,33.0,Simon,1,1,0,23/24
598,Newcastle,1.0,3.0,Man Utd,0.0,1.0,02/12/2023,14.0,Simon,1,1,1,23/24
599,Newcastle,2.0,1.0,Man City,3.0,3.0,13/01/2024,21.0,Simon,1,1,1,23/24
600,Newcastle,5.0,1.0,Aston Villa,1.0,0.0,12/08/2023,1.0,Simon,1,1,1,23/24
601,Newcastle,1.0,2.0,Everton,1.0,0.0,02/04/2024,31.0,Simon,1,1,0,23/24
602,Newcastle,4.0,2.0,West Ham,3.0,1.0,30/03/2024,30.0,Simon,1,1,1,23/24
603,Newcastle,4.0,2.0,Chelsea,1.0,2.0,25/11/2023,13.0,Simon,1,1,0,23/24
604,Newcastle,4.0,2.0,Crystal Palace,0.0,0.0,21/10/2023,9.0,Simon,1,1,1,23/24
605,Newcastle,1.0,2.0,Arsenal,0.0,1.0,04/11/2023,11.0,Simon,1,1,1,23/24
606,Newcastle,2.0,3.0,Burnley,0.0,0.0,30/09/2023,7.0,Simon,1,1,1,23/24
607,Newcastle,4.0,3.0,Luton,4.0,1.0,03/02/2024,23.0,Simon,1,1,0,23/24
608,Aston Villa,4.0,2.0,Nott'm Forest,2.0,0.0,24/02/2024,26.0,Simon,1,1,1,23/24
609,Aston Villa,1.0,4.0,Sheffield Utd,1.0,0.0,22/12/2023,18.0,Simon,1,1,0,23/24
610,Aston Villa,3.0,2.0,Fulham,1.0,0.0,12/11/2023,12.0,Simon,1,1,1,23/24
611,Aston Villa,3.0,2.0,Brentford,3.0,1.0,06/04/2024,32.0,Simon,1,1,0,23/24
612,Aston Villa,3.0,2.0,Liverpool,3.0,2.0,13/05/2024,37.0,Simon,1,1,1,23/24
613,Aston Villa,3.0,3.0,Bournemouth,1.0,1.0,21/04/2024,34.0,Simon,1,1,3,23/24
614,Aston Villa,2.0,2.0,Wolves,0.0,1.0,30/03/2024,30.0,Simon,1,1,1,23/24
615,Aston Villa,6.0,1.0,Brighton,1.0,1.0,30/09/2023,7.0,Simon,1,1,0,23/24
616,Aston Villa,0.0,3.0,Spurs,4.0,2.0,10/03/2024,28.0,Simon,1,1,0,23/24
617,Aston Villa,1.0,2.0,Man Utd,2.0,1.0,11/02/2024,24.0,Simon,1,1,0,23/24
618,Aston Villa,1.0,2.0,Man City,0.0,1.0,06/12/2023,15.0,Simon,1,1,1,23/24
619,Aston Villa,1.0,2.0,Newcastle,3.0,1.0,30/01/2024,22.0,Simon,1,1,0,23/24
620,Aston Villa,4.0,3.0,Everton,0.0,1.0,20/08/2023,2.0,Simon,1,1,1,23/24
621,Aston Villa,4.0,1.0,West Ham,1.0,1.0,22/10/2023,9.0,Simon,1,1,0,23/24
622,Aston Villa,2.0,2.0,Chelsea,2.0,0.0,27/04/2024,35.0,Simon,1,1,0,23/24
623,Aston Villa,3.0,2.0,Crystal Palace,1.0,1.0,16/09/2023,5.0,Simon,1,1,1,23/24
624,Aston Villa,1.0,2.0,Arsenal,0.0,1.0,09/12/2023,16.0,Simon,1,1,1,23/24
625,Aston Villa,3.0,3.0,Burnley,2.0,0.0,30/12/2023,20.0,Simon,1,1,1,23/24
626,Aston Villa,3.0,4.0,Luton,1.0,0.0,29/10/2023,10.0,Simon,1,1,1,23/24
627,Everton,2.0,1.0,Nott'm Forest,0.0,0.0,21/04/2024,34.0,Simon,1,1,1,23/24
628,Everton,1.0,2.0,Sheffield Utd,0.0,0.0,11/05/2024,37.0,Simon,1,1,1,23/24
629,Everton,0.0,0.0,Fulham,1.0,0.0,12/08/2023,1.0,Simon,1,1,0,23/24
630,Everton,1.0,3.0,Brentford,0.0,2.0,27/04/2024,35.0,Simon,1,1,1,23/24
631,Everton,2.0,1.0,Liverpool,0.0,1.0,24/04/2024,34.0,Simon,1,1,0,23/24
632,Everton,3.0,1.0,Bournemouth,0.0,0.0,07/10/2023,8.0,Simon,1,1,1,23/24
633,Everton,0.0,0.0,Wolves,1.0,0.0,26/08/2023,3.0,Simon,1,1,0,23/24
634,Everton,1.0,2.0,Brighton,1.0,2.0,04/11/2023,11.0,Simon,1,1,1,23/24
635,Everton,2.0,1.0,Spurs,2.0,1.0,03/02/2024,23.0,Simon,1,1,1,23/24
636,Everton,0.0,2.0,Man Utd,3.0,1.0,26/11/2023,13.0,Simon,1,1,0,23/24
637,Everton,1.0,1.0,Man City,3.0,2.0,27/12/2023,19.0,Simon,1,1,1,23/24
638,Everton,3.0,1.0,Newcastle,0.0,1.0,07/12/2023,15.0,Simon,1,1,0,23/24
639,Everton,0.0,1.0,Aston Villa,0.0,2.0,14/01/2024,21.0,Simon,1,1,0,23/24
640,Everton,1.0,1.0,West Ham,3.0,1.0,02/03/2024,27.0,Simon,1,1,0,23/24
641,Everton,2.0,1.0,Chelsea,0.0,0.0,10/12/2023,16.0,Simon,1,1,1,23/24
642,Everton,1.0,1.0,Crystal Palace,1.0,0.0,19/02/2024,25.0,Simon,1,1,0,23/24
643,Everton,0.0,1.0,Arsenal,1.0,1.0,17/09/2023,5.0,Simon,1,1,0,23/24
644,Everton,1.0,1.0,Burnley,0.0,1.0,06/04/2024,32.0,Simon,1,1,0,23/24
645,Everton,1.0,3.0,Luton,2.0,1.0,30/09/2023,7.0,Simon,1,1,0,23/24
646,West Ham,3.0,1.0,Nott'm Forest,2.0,1.0,12/11/2023,12.0,Simon,1,1,0,23/24
647,West Ham,2.0,2.0,Sheffield Utd,0.0,0.0,30/09/2023,7.0,Simon,1,1,3,23/24
648,West Ham,0.0,3.0,Fulham,2.0,2.0,14/04/2024,33.0,Simon,1,1,0,23/24
649,West Ham,4.0,1.0,Brentford,2.0,2.0,26/02/2024,26.0,Simon,1,1,0,23/24
650,West Ham,2.0,1.0,Liverpool,2.0,2.0,27/04/2024,35.0,Simon,1,1,0,23/24
651,West Ham,1.0,0.0,Bournemouth,1.0,1.0,01/02/2024,22.0,Simon,1,1,0,23/24
652,West Ham,3.0,1.0,Wolves,0.0,2.0,17/12/2023,17.0,Simon,1,1,0,23/24
653,West Ham,0.0,1.0,Brighton,0.0,1.0,02/01/2024,20.0,Simon,1,1,1,23/24
654,West Ham,1.0,2.0,Spurs,1.0,2.0,02/04/2024,31.0,Simon,1,1,1,23/24
655,West Ham,2.0,2.0,Man Utd,0.0,1.0,23/12/2023,18.0,Simon,1,1,1,23/24
656,West Ham,1.0,1.0,Man City,3.0,3.0,16/09/2023,5.0,Simon,1,1,3,23/24
657,West Ham,2.0,1.0,Newcastle,2.0,2.0,08/10/2023,8.0,Simon,1,1,0,23/24
658,West Ham,1.0,2.0,Aston Villa,1.0,2.0,17/03/2024,29.0,Simon,1,1,1,23/24
659,West Ham,0.0,1.0,Everton,1.0,1.0,29/10/2023,10.0,Simon,1,1,0,23/24
660,West Ham,3.0,2.0,Chelsea,1.0,2.0,20/08/2023,2.0,Simon,1,1,0,23/24
661,West Ham,1.0,3.0,Crystal Palace,1.0,1.0,03/12/2023,14.0,Simon,1,1,0,23/24
662,West Ham,0.0,1.0,Arsenal,6.0,1.0,11/02/2024,24.0,Simon,1,1,0,23/24
663,West Ham,2.0,2.0,Burnley,2.0,0.0,10/03/2024,28.0,Simon,1,1,0,23/24
664,West Ham,3.0,1.0,Luton,1.0,2.0,11/05/2024,37.0,Simon,1,1,0,23/24
665,Chelsea,0.0,1.0,Nott'm Forest,1.0,0.0,02/09/2023,4.0,Simon,1,1,0,23/24
666,Chelsea,2.0,2.0,Sheffield Utd,0.0,1.0,16/12/2023,17.0,Simon,1,1,1,23/24
667,Chelsea,1.0,2.0,Fulham,0.0,0.0,13/01/2024,21.0,Simon,1,1,1,23/24
668,Chelsea,0.0,3.0,Brentford,2.0,0.0,28/10/2023,10.0,Simon,1,1,0,23/24
669,Chelsea,1.0,2.0,Liverpool,1.0,3.0,13/08/2023,1.0,Simon,1,1,0,23/24
670,Chelsea,2.0,3.0,Bournemouth,1.0,2.0,19/05/2024,38.0,Simon,1,1,1,23/24
671,Chelsea,2.0,3.0,Wolves,4.0,2.0,04/02/2024,23.0,Simon,1,1,0,23/24
672,Chelsea,3.0,2.0,Brighton,2.0,2.0,03/12/2023,14.0,Simon,1,1,0,23/24
673,Chelsea,2.0,1.0,Spurs,0.0,1.0,02/05/2024,35.0,Simon,1,1,0,23/24
674,Chelsea,4.0,1.0,Man Utd,3.0,2.0,04/04/2024,31.0,Simon,1,1,0,23/24
675,Chelsea,4.0,1.0,Man City,4.0,3.0,12/11/2023,12.0,Simon,1,1,0,23/24
676,Chelsea,3.0,1.0,Newcastle,2.0,1.0,11/03/2024,28.0,Simon,1,1,0,23/24
677,Chelsea,0.0,1.0,Aston Villa,1.0,2.0,24/09/2023,6.0,Simon,1,1,1,23/24
678,Chelsea,6.0,1.0,Everton,0.0,1.0,15/04/2024,33.0,Simon,1,1,0,23/24
679,Chelsea,5.0,2.0,West Ham,0.0,2.0,05/05/2024,36.0,Simon,1,1,0,23/24
680,Chelsea,2.0,2.0,Crystal Palace,1.0,0.0,27/12/2023,19.0,Simon,1,1,1,23/24
681,Chelsea,2.0,1.0,Arsenal,2.0,1.0,21/10/2023,9.0,Simon,1,1,1,23/24
682,Chelsea,2.0,2.0,Burnley,2.0,0.0,30/03/2024,30.0,Simon,1,1,0,23/24
683,Chelsea,3.0,3.0,Luton,0.0,1.0,25/08/2023,3.0,Simon,1,1,1,23/24
684,Crystal Palace,0.0,1.0,Nott'm Forest,0.0,0.0,07/10/2023,8.0,Simon,1,1,0,23/24
685,Crystal Palace,3.0,0.0,Sheffield Utd,2.0,0.0,30/01/2024,22.0,Simon,1,1,0,23/24
686,Crystal Palace,0.0,2.0,Fulham,0.0,0.0,23/09/2023,6.0,Simon,1,1,0,23/24
687,Crystal Palace,3.0,1.0,Brentford,1.0,0.0,30/12/2023,20.0,Simon,1,1,1,23/24
688,Crystal Palace,1.0,0.0,Liverpool,2.0,3.0,09/12/2023,16.0,Simon,1,1,1,23/24
689,Crystal Palace,0.0,1.0,Bournemouth,2.0,0.0,06/12/2023,15.0,Simon,1,1,0,23/24
690,Crystal Palace,3.0,2.0,Wolves,2.0,1.0,03/09/2023,4.0,Simon,1,1,1,23/24
691,Crystal Palace,1.0,1.0,Brighton,1.0,1.0,21/12/2023,18.0,Simon,1,1,3,23/24
692,Crystal Palace,1.0,1.0,Spurs,2.0,2.0,27/10/2023,10.0,Simon,1,1,3,23/24
693,Crystal Palace,4.0,1.0,Man Utd,0.0,1.0,06/05/2024,36.0,Simon,1,1,0,23/24
694,Crystal Palace,2.0,0.0,Man City,4.0,3.0,06/04/2024,32.0,Simon,1,1,1,23/24
695,Crystal Palace,2.0,1.0,Newcastle,0.0,2.0,24/04/2024,34.0,Simon,1,1,0,23/24
696,Crystal Palace,5.0,2.0,Aston Villa,0.0,2.0,19/05/2024,38.0,Simon,1,1,0,23/24
697,Crystal Palace,2.0,2.0,Everton,3.0,1.0,11/11/2023,12.0,Simon,1,1,0,23/24
698,Crystal Palace,5.0,2.0,West Ham,2.0,1.0,21/04/2024,34.0,Simon,1,1,1,23/24
699,Crystal Palace,1.0,0.0,Chelsea,3.0,2.0,12/02/2024,24.0,Simon,1,1,1,23/24
700,Crystal Palace,0.0,1.0,Arsenal,1.0,2.0,21/08/2023,2.0,Simon,1,1,1,23/24
701,Crystal Palace,3.0,1.0,Burnley,0.0,1.0,24/02/2024,26.0,Simon,1,1,0,23/24
702,Crystal Palace,1.0,1.0,Luton,1.0,1.0,09/03/2024,28.0,Simon,1,1,3,23/24
703,Arsenal,2.0,2.0,Nott'm Forest,1.0,0.0,12/08/2023,1.0,Simon,1,1,1,23/24
704,Arsenal,5.0,3.0,Sheffield Utd,0.0,1.0,28/10/2023,10.0,Simon,1,1,1,23/24
705,Arsenal,2.0,4.0,Fulham,2.0,1.0,26/08/2023,3.0,Simon,1,1,0,23/24
706,Arsenal,2.0,2.0,Brentford,1.0,1.0,09/03/2024,28.0,Simon,1,1,3,23/24
707,Arsenal,3.0,2.0,Liverpool,1.0,3.0,04/02/2024,23.0,Simon,1,1,0,23/24
708,Arsenal,3.0,2.0,Bournemouth,0.0,0.0,04/05/2024,36.0,Simon,1,1,1,23/24
709,Arsenal,2.0,2.0,Wolves,1.0,0.0,02/12/2023,14.0,Simon,1,1,1,23/24
710,Arsenal,2.0,2.0,Brighton,0.0,1.0,17/12/2023,17.0,Simon,1,1,1,23/24
711,Arsenal,2.0,3.0,Spurs,2.0,2.0,24/09/2023,6.0,Simon,1,1,0,23/24
712,Arsenal,3.0,3.0,Man Utd,1.0,2.0,03/09/2023,4.0,Simon,1,1,1,23/24
713,Arsenal,1.0,1.0,Man City,0.0,1.0,08/10/2023,8.0,Simon,1,1,0,23/24
714,Arsenal,4.0,1.0,Newcastle,1.0,1.0,24/02/2024,26.0,Simon,1,1,0,23/24
715,Arsenal,0.0,2.0,Aston Villa,2.0,1.0,14/04/2024,33.0,Simon,1,1,0,23/24
716,Arsenal,2.0,2.0,Everton,1.0,1.0,19/05/2024,38.0,Simon,1,1,3,23/24
717,Arsenal,0.0,1.0,West Ham,2.0,0.0,28/12/2023,19.0,Simon,1,1,0,23/24
718,Arsenal,5.0,2.0,Chelsea,0.0,2.0,23/04/2024,34.0,Simon,1,1,0,23/24
719,Arsenal,5.0,2.0,Crystal Palace,0.0,0.0,20/01/2024,21.0,Simon,1,1,1,23/24
720,Arsenal,3.0,2.0,Burnley,1.0,0.0,11/11/2023,12.0,Simon,1,1,1,23/24
721,Arsenal,2.0,3.0,Luton,0.0,0.0,03/04/2024,31.0,Simon,1,1,1,23/24
722,Burnley,1.0,0.0,Nott'm Forest,2.0,2.0,19/05/2024,38.0,Simon,1,1,1,23/24
723,Burnley,5.0,1.0,Sheffield Utd,0.0,0.0,02/12/2023,14.0,Simon,1,1,1,23/24
724,Burnley,2.0,2.0,Fulham,2.0,2.0,03/02/2024,23.0,Simon,1,1,3,23/24
725,Burnley,2.0,1.0,Brentford,1.0,2.0,16/03/2024,29.0,Simon,1,1,0,23/24
726,Burnley,0.0,1.0,Liverpool,2.0,3.0,26/12/2023,19.0,Simon,1,1,1,23/24
727,Burnley,0.0,0.0,Bournemouth,2.0,1.0,03/03/2024,27.0,Simon,1,1,1,23/24
728,Burnley,1.0,1.0,Wolves,1.0,2.0,02/04/2024,31.0,Simon,1,1,0,23/24
729,Burnley,1.0,0.0,Brighton,1.0,2.0,13/04/2024,33.0,Simon,1,1,0,23/24
730,Burnley,2.0,1.0,Spurs,5.0,3.0,02/09/2023,4.0,Simon,1,1,1,23/24
731,Burnley,0.0,1.0,Man Utd,1.0,3.0,23/09/2023,6.0,Simon,1,1,1,23/24
732,Burnley,0.0,0.0,Man City,3.0,4.0,11/08/2023,1.0,Simon,1,1,1,23/24
733,Burnley,1.0,0.0,Newcastle,4.0,2.0,04/05/2024,36.0,Simon,1,1,1,23/24
734,Burnley,1.0,0.0,Aston Villa,3.0,2.0,27/08/2023,3.0,Simon,1,1,1,23/24
735,Burnley,0.0,0.0,Everton,2.0,1.0,16/12/2023,17.0,Simon,1,1,1,23/24
736,Burnley,1.0,1.0,West Ham,2.0,2.0,25/11/2023,13.0,Simon,1,1,3,23/24
737,Burnley,1.0,1.0,Chelsea,4.0,2.0,07/10/2023,8.0,Simon,1,1,1,23/24
738,Burnley,0.0,0.0,Crystal Palace,2.0,1.0,04/11/2023,11.0,Simon,1,1,1,23/24
739,Burnley,0.0,0.0,Arsenal,5.0,2.0,17/02/2024,25.0,Simon,1,1,1,23/24
740,Burnley,1.0,1.0,Luton,1.0,1.0,12/01/2024,21.0,Simon,1,1,3,23/24
741,Luton,1.0,2.0,Nott'm Forest,1.0,1.0,16/03/2024,29.0,Simon,1,1,0,23/24
742,Luton,1.0,2.0,Sheffield Utd,3.0,0.0,10/02/2024,24.0,Simon,1,1,0,23/24
743,Luton,2.0,1.0,Fulham,4.0,0.0,19/05/2024,38.0,Simon,1,1,0,23/24
744,Luton,1.0,2.0,Brentford,5.0,1.0,20/04/2024,34.0,Simon,1,1,0,23/24
745,Luton,1.0,0.0,Liverpool,1.0,3.0,05/11/2023,11.0,Simon,1,1,0,23/24
746,Luton,2.0,2.0,Bournemouth,1.0,1.0,06/04/2024,32.0,Simon,1,1,3,23/24
747,Luton,1.0,1.0,Wolves,1.0,1.0,23/09/2023,6.0,Simon,1,1,3,23/24
748,Luton,4.0,1.0,Brighton,0.0,1.0,30/01/2024,22.0,Simon,1,1,0,23/24
749,Luton,0.0,0.0,Spurs,1.0,3.0,07/10/2023,8.0,Simon,1,1,1,23/24
750,Luton,1.0,1.0,Man Utd,2.0,2.0,18/02/2024,25.0,Simon,1,1,3,23/24
751,Luton,1.0,1.0,Man City,2.0,3.0,10/12/2023,16.0,Simon,1,1,1,23/24
752,Luton,1.0,1.0,Newcastle,0.0,3.0,23/12/2023,18.0,Simon,1,1,0,23/24
753,Luton,2.0,1.0,Aston Villa,3.0,2.0,02/03/2024,27.0,Simon,1,1,1,23/24
754,Luton,1.0,2.0,Everton,1.0,1.0,03/05/2024,36.0,Simon,1,1,0,23/24
755,Luton,1.0,0.0,West Ham,2.0,2.0,01/09/2023,4.0,Simon,1,1,1,23/24
756,Luton,2.0,2.0,Chelsea,3.0,1.0,30/12/2023,20.0,Simon,1,1,0,23/24
757,Luton,2.0,1.0,Crystal Palace,1.0,0.0,25/11/2023,13.0,Simon,1,1,1,23/24
758,Luton,3.0,1.0,Arsenal,4.0,3.0,05/12/2023,15.0,Simon,1,1,1,23/24
759,Luton,1.0,1.0,Burnley,2.0,2.0,03/10/2023,7.0,Simon,1,1,3,23/24
